Word / Phrase,Phonetic (IPA),Part of Speech,CEFR Level,Definition (EN),释义（中文）,Quote from Episode,台词翻译,Example Sentence,例句翻译,Usage Note
nurture,/ˈnɜːrtʃər/,v.,C1,to cultivate someone or something over time,培育；长期培养,nurturing unremarkable talent.,（投行）里到处都是花钱培养平庸人才的人,She nurtured a side project into a real business.,她把一个业余项目慢慢做成了正经生意。,比 raise 更书面。名词 nurture 指教养/培养。
marginal gains,/ˌmɑːrdʒɪnl ˈɡeɪnz/,phr. n.,C1,small improvements that accumulate,微小增益；边际收益,game about marginal gains.,这是一门靠边际收益吃饭的生意,The company improved margins through marginal gains.,公司靠一点点的边际提升提高了利润率。,衍生 marginal＝边缘的/微小的；也指人口边缘群体（marginalized）。
the back door,/ðə ˌbæk ˈdɔːr/,phr. n.,C1,an unofficial or unfair route into a job,走后门；侧门,Nothing wrong with the back door.,走后门没什么不对。,He got in through the back door of a family connection.,他靠家族关系走了后门进去。,职场还指「非标准渠道获客」。走正门是 through the front door。
play third fiddle,/ˌpleɪ ˌθɜːrd ˈfɪdl/,phr. v.,C1,to take a subordinate role,屈居第三；当配角,I played third fiddle to two,我在我母亲生命里那两个大人物面前只能屈居第三,She's been playing third fiddle in the partnership.,她在合伙关系里一直当配角。,源自小提琴三把中的第三把（最低音）。
meritocracy,/ˌmerɪˈtɑːkrəsi/,n.,B2,a system where advancement is based on ability,任人唯贤；能力至上,thing to a meritocracy there is.,这已经是这世上最接近能力至上的东西了,The company has a reputation for being a meritocracy.,这家公司以任人唯贤著称。,形容词 meritocratic；讽刺用法指「其实看关系」。
on the strength of,/ɑːn ðə ˈstreŋŋθ əv/,phr. prep.,C1,based on; relying on the evidence of,凭…（的能力/表现）,on the strength of my abilities.,凭我的能力来评判我,He was hired on the strength of his internship.,他是凭实习表现被招进来的。,强调「以此为依据」，也可指某个具体事件促成某结果。
a nontarget,/ə ˈnɑːntɑːrɡɪt/,phr. n.,C1,a school or candidate a firm does not normally recruit from,非目标（学校/对象）,It's a nontarget.,我们不招那儿的学生。,Recruiting dropped to zero at the nontarget schools.,非目标学校的招聘归零了。,咨询/投行术语。反义 target school。名词作形容词用。
induction,/ɪnˈdʌkʃn/,n.,B2,an onboarding programme for new staff,入职培训,for your week-three induction,你们第三周的入职培训,Induction runs for three days.,入职培训为期三天。,英式常用，美式多说 onboarding/orientation。动词 induct=使就职。
indoctrinate,/ɪnˈdɑːktrəneɪt/,v.,C1,to teach someone a doctrine insistently,洗脑式灌输,You ready to be indoctrinated?,准备好被洗脑了吗？,They indoctrinated him into the company culture.,他们给他灌输了公司文化。,强贬义，指不加批判的灌输。名词 indoctrination。
the label on your sleeve,/ðə ˈleɪbəl ɑːn jʊr ˈsliːv/,phr. n.,C1,still displaying an obvious marker of your background,还挂着标签（出身/身份一眼可见）,label on your sleeve there as well?,你也把袖口的标签留着呢？,New hires shouldn't wear their old job on their sleeve.,新人不该把上一份工作的标签随身带着。,字面裁缝留的布标；引申为「一眼看出底细」。
gauche,/ɡoʊʃ/,adj.,C1,lacking social grace; tacteless,俗气；不得体,to how gauche you are,你有多俗气,Saying that out loud was gauche.,把那句话当众说出来很不得体。,读 /ɡoʊʃ/，结尾不发 /k/。名词 gaucherie＝笨拙。
erect a billboard,/ɪˈrekt ə ˈbɪlbɔːrd/,phr. v.,C1,to display something embarrassingly obvious about yourself,竖起自己的广告牌（把自己标出来）,is actually erect a billboard,你刚才那举动等于给自己竖了块广告牌,Don't erect a billboard around your own weaknesses.,别把自己的弱点举着牌到处走。,比喻用法：主动暴露自己。erect 在这里是竖立。
vouch for,/ˈvaʊtʃ fɔːr/,phr. v.,C1,to promise that someone's word can be trusted,为…担保；替…背书,Which senior vouches for you,哪位资深员工为你背书,I'll vouch for her with my manager.,我会向经理替她担保。,正式语体。反义 vouch against（说某人坏话）。
RIF,/rɪf/,n.,C1,Reduction in Force: large-scale redundancies,裁员,That's Reduction in Force,就是 Reduction in Force，也就是裁员,Every department is anxious before RIF season.,裁员季前每个部门都心惊胆战。,美式委婉说法；英式多用 redundancy / make redundant。拼写没有 U。
preeminent,/priːˈemɪnənt/,adj.,C1,ranking above all others in importance,首屈一指的；最杰出的,preeminent financial,全球首屈一指的金融服务机构,She is the preeminent scholar in the field.,她是该领域最杰出的学者。,正式书面语，日常用 leading / foremost。副词 preeminently。
a stake in it,/ə ˈsteɪk ɪn ɪt/,phr. n.,C1,a personal financial or emotional interest in the outcome,利益攸关；自身利害,like you have a stake in it.,就当你自己有份利益在里面那样行事,Employees behave differently when they have a stake in it.,当切身利益在里面时，员工表现就不同了。,have a stake in＝有份利益在…；at stake＝处于危险中。
indispensable,/ˌɪndɪˈspensəbl/,adj.,C1,too important to be replaced,不可替代的,Just make yourselves indispensable.,让自己变得不可替代。,He made himself indispensable to the team.,他让自己成了团队里无可替代的人。,反义 dispensable（可有可无的）；动词 dispense with＝免除。
printing business,/ˈprɪntɪŋ ˈbɪznəs/,phr. n.,C1,profitable trading; revenue,盈利；创收,We want to get you printing,我们希望你尽快开始创收,She's been printing business since her first quarter.,她入行第一个季度就开始创收了。,投行/交易行话；print money＝轻松赚钱。
talk your book,/ˌtɔːk jʊr ˈbʊk/,phr. v.,C1,to disclose your trades to a supervisor,（向主管）报单；披露持仓,"to talk your book here,",别忘了在这儿报单,Analysts must talk their book before taking a position.,分析师建仓前必须报备自己的交易。,投行/券商行话：book＝账本/持仓簿。
clog your inbox,/klɑːɡ jʊr ˈɪnbɑːks/,phr. v.,C1,to fill someone's inbox with unwanted email,塞满你的收件箱,"Sorry, I didn't want to clog your inbox.",抱歉，我不想塞满你的收件箱。,The alerts clog my inbox every morning.,这些提醒每天早上塞满我的收件箱。,职场抱怨句式：I don't want to add to your plate（不想给你添活）。
tail risk,/ˈteɪl rɪsk/,phr. n.,C1,low-probability but catastrophic risk,尾部风险（小概率巨灾风险）,tail risk work you did for him.,你给他做的美国尾部风险工作让他印象深刻,The model measures tail risk under stress scenarios.,模型衡量压力情景下的尾部风险。,金融术语，指分布末端的极端风险；headline risk 指最坏预期。
cycled in,/ˈsaɪkld ɪn/,phr. v.,C1,to archive a position or record,归档；结项,Cycled in.,归档了。,He cycled in his notes after the meeting.,会后他把记录归档了。,会计/金融用语，指把账面结清归档。也可说 cycled out（退出）。
