Word / Phrase,Phonetic (IPA),Part of Speech,CEFR Level,Definition (EN),释义（中文）,Quote from Episode,台词翻译,Scene / Context,Example Sentence,例句翻译,Usage Note
the shiz,/ðə ʃɪz/,phr. n.,C1,"the best, the real deal",最酷的；最正宗的,I think Vaulter is the shiz.,我觉得 Vaulter 是最正的那个。,Logan to Frank,That little ramen place is the shiz.,那家小拉面店才是真正的绝配。,shiznit 是其完整形式；1990年代末俚语。
blow up,/ˌbloʊ ˈʌp/,phr. v.,B2,to ruin or escalate a situation,搞砸；把事情闹大,Don't blow this up.,别把这事搞砸了。,Logan to Kendall,He tried to fix it and blew it up even worse.,他本来想补救，结果搞得更糟。,blow up＝炸掉；blow up at someone＝冲某人发火。
track record,/ˈtræk ˈrekɔːrd/,phr. n.,B2,the record of someone's past performance,过往业绩；履历,I got a track record from founding one of the most exciting new media brands in the world.,我可是创下过创办全球最激动人心的新媒体品牌之一的战绩。,Logan to Frank,A clean track record matters more than a fancy degree.,干净的履历比漂亮的学位更重要。,clean track record=无污点履历；词源本指赛马战绩。
salvage,/ˈsælvɪdʒ/,v.,C1,to rescue something from damage or failure,抢救；挽回,How can we salvage this?,我们怎么才能挽回？,Logan to Kendall,They flew in to salvage the deal.,他们飞过来抢救这笔交易。,原指海上打捞；商业语境＝把快崩的项目救回来。
the secret sauce,/ðə ˈsiːkət sɔːs/,phr. n.,C1,the undisclosed key to a plan,秘方；关键秘诀,This is the secret sauce.,这就是秘方。,Kendall on the phone,What's their secret sauce? Their retention is double ours.,他们的秘方是什么？留存率是我们两倍。,借自烹饪，指不外传的关键手法。
sweeten the offer,/ˈswiːtən ði ˈɑːfər/,phr. v.,C1,"to make a proposal more attractive, often with money",加价；提高报价吸引力,Do we need to sweeten the offer?,我们需要再加码吗？,Kendall to Logan,To close the deal they sweetened the offer by 5%.,为了成交他们把报价加了 5%。,收购/谈判术语。
bump the offer,/ˌbʌmp ði ˈɑːfər/,phr. v.,C1,to raise the price or bid slightly,小幅加价；提高出价,You wanna bump the offer another point?,要不要再加一个点？,Kendall to Logan,We'll bump the offer to 130 and see if they blink.,我们把出价提到 130，看他们急不急。,bump 意为「轻推、抬升」。
budge,/bʌdʒ/,v.,C1,to move slightly; to give way,挪动一点；松口,They're not gonna budge unless it gets to be a stupid number.,不到那个荒唐的数，他们不会松口。,Frank on the phone,Neither side would budge on the price.,双方在价格上谁都不肯让步。,budge 不 budge＝不让步；固定用法。
bad juju,/ˌbæd ˈdʒuːdʒuː/,n.,C1,bad vibes; a sense of impending trouble,不祥的预感；邪气,"Ooh, right, yeah, the bad juju.",哦对，邪气。,Roman's joke,Something about that office gives off bad juju.,那个办公室有种说不出的邪气。,juju 本义「巫毒魔力」；常指气氛不祥。
a bad fit,/ə ˌbæd ˈfɪt/,phr. n.,B2,not suited to a role or place,不合适；格格不入,I was a bad fit.,我不合适。,Kendall to Logan,He's a bad fit for a people-first leadership style.,他不适合以人为本的领导风格。,固定搭配 be a bad fit for sth。
commercially sensitive,/kəˌmɜːrʃəli ˈsensətɪv/,phr. adj.,C1,confidential for commercial reasons,商业机密,That's commercially sensitive?,那涉及商业机密？,Logan to Kendall,The board cited commercial sensitivity to refuse disclosure.,董事会以商业敏感为由拒绝披露。,委婉说法，正式语体。
captain of the ship,/ˌkæptən əv ðə ˈʃɪp/,phr. n.,B2,the person in charge,掌舵人；负责人,You're gonna be captain of the ship soon enough.,你很快就得当船长了。,Shiv to Kendall,Who's the captain of the ship here?,这里谁说了算？,常带反讽或勉励意味。
essentially a cage,/ɪˈsenʃəli ə keɪdʒ/,phr. n.,C1,like a prison,如同牢笼,This place was essentially a cage to me.,这个地方对我来说就是个牢笼。,Kendall to Shiv,The golden cage of a corner office.,角落办公室这个镀金的牢笼。,golden cage 是常见的「金笼子」比喻。
keep everything straight,/ˌkiːp ˈevriθɪŋ streɪt/,phr. v.,C1,to stay accurate and not confuse details,把细节记准；别搞混,"Just keep everything straight, okay?",把每件事都记清楚，行吗？,Marcia to Roman,I'm going straight to the board. Keep everything straight.,我直接去找董事会。把每件事都记准。,straight 此处是「准确、不含糊」。
banana cabana,/bəˈnɑːnə kəˈbænə/,n.,C1,a tropical-themed bar; mock 1970s slang,热带风情酒吧,"We were the pool boys, right, Frank? Fuckin' banana cabana?",我们以前是泳池boys，对吧弗兰克？在那个热带酒吧。,Kendall to Frank,The office party was in a banana cabana.,办公室派会在热带风情酒吧办的。,原为 1970 年代俚语，指假热带风装修的酒吧。
soft float,/ˌsɔːft ˈfloʊt/,phr. v.,C1,"to have a vague, unconfirmed feeling",隐隐感觉；有点风声,"obviously I'm soft floating to, like, Frank and Rava",我隐约听说好像跟弗兰克和拉瓦有关。,Logan on the phone,I'm soft floating that they'll name someone else.,我隐约觉得他们会另选人。,投行俚语，指没确认的传闻。
old father time,/ˌoʊld ˈfɑːðər taɪm/,n.,B2,an elderly person,老家伙；老头子,They stuck me in LA with Old Father Time right here.,他们把我塞在洛杉矶，和老家伙一起。,Kendall to Roman,He's still Old Father Time even after retirement.,就算退了休他还是老家伙一个。,带戏谑意味。
